Espresso,Sabrina Carpenter
Show Me Love,"WizTheMc,bees & honey"
Instant Crush (feat. Julian Casablancas),"Daft Punk,Julian Casablancas"
Brother Louie Mix '98 (feat. Eric Singleton) - Radio Edit,"Modern Talking,Eric Singleton"
Bolsa Forki Umami,Kienzy Mylien
RED FLAG,"Pucho,Cristy"
Ya No Te Hago Falta,Sen Senra
Hoje em Dia é Difícil Encontrar - Versão BH,"MC Xangai,DJ DAVY FELIPE,DJ TAK VADIÃO"
Timeless (feat. Playboi Carti),"The Weeknd,Playboi Carti"
kompa pasión,фрози
Paranoia,AJVIBIN
Plage Coquillage (First Kiss Song),Tao Mon Amour
Maniac,"Loyalty Ties,Iverson Torres"
Sant'allegria - con Mahmood,"Ornella Vanoni,Mahmood"
Die With A Smile,"Lady Gaga,Bruno Mars"
All The Stars (with SZA),"Kendrick Lamar,SZA"
Menina de Vermelho,"MC Menor JP,RAMONMIX,The Ironix"
Billie Jean,Michael Jackson
Beat It,Michael Jackson
Thriller,Michael Jackson
Don't Copy My Flow,"фрози,Mwizz,George Kipa"
Love Story,Indila
Nightcall,Kavinsky
TORE UP,Don Toliver
The One That Got Away,Katy Perry
The Less I Know The Better,Tame Impala
Si Antes Te Hubiera Conocido,KAROL G
Big Boys - Cover,Dsippy
La leçon particulière - Bande originale du film La leçon particulière,"Francis Lai,Christian Gaubert"
Violent Crimes,Kanye West
Time of Our Lives,"Pitbull,Ne-Yo"
Est-ce que tu m'aimes ? - Pilule bleue,GIMS
DIE,Gazo
Centro Di Gravità Permanente,Franco Battiato
Roi - Instrumental Slowed,Mckyyy
Mimimi,SEREBRO
iN uNa buBbLe,"yungest Moonstar,thasup"
netflixXx,"yungest Moonstar,thasup"
Heathens,Twenty One Pilots
STAR WALKIN' (League of Legends Worlds Anthem),Lil Nas X
SUPERSÓNICO,VYPERR
La symphonie des éclairs,Zaho de Sagazan
The Way I Are,"Timbaland,Keri Hilson,D.O.E."
SIMPLY THE BEST,"Black Eyed Peas,Anitta,El Alfa"
Dynamite,Taio Cruz
Wannabe,Spice Girls
Firework,Katy Perry
(I Just) Died In Your Arms,Cutting Crew
Can't Help Falling in Love,Elvis Presley
Samba do Brasil,Bellini
Ego - Radio Edit,Willy William
Don't Worry (with Ray Dalton) - Radio Edit,"Madcon,Ray Dalton"
If We Being Rëal,Yeat
Water Fountain,Alec Benjamin
What Lovers Do (feat. SZA),"Maroon 5,SZA"
LA NOCHE DE ANOCHE,"Bad Bunny,ROSALÍA"
Celoso,Lele Pons
X,"Nicky Jam,J Balvin"
MALA (feat. Anuel AA),"6ix9ine,Anuel AA"
Vem Dancar Kuduro,"Lucenzo,Big Ali"
Ultimo,Il Pagante
Adore You,Harry Styles
Too Many Nights (feat. Don Toliver & with Future),"Metro Boomin,Future,Don Toliver"
Bum Bum Tam Tam,"MC Fioti,Future,J Balvin,Stefflon Don,Juan Magán"
If We Being Rëal,Yeat
DESPECHÁ,ROSALÍA
Gata Only,"FloyyMenor,Cris Mj"
CARTAGINE,Emanuele Aloia
This Is The Life,Amy Macdonald
MIU MIU,Tony Effe
FE!N (feat. Playboi Carti),"Travis Scott,Playboi Carti"
Karma,JoJo Siwa
Kompa,"WhosxTJ!,frozy808,09sanka"
this is what slow dancing feels like,JVKE
Memories (feat. Kid Cudi),"David Guetta,Kid Cudi"
I Will Survive,Gloria Gaynor
Cheri Cheri Lady,Modern Talking
Cadillac (feat. Artie 5ive),"Boro,Artie 5ive,Andry The Hitmaker"
Tattoo,Loreen
Bad,Michael Jackson
Don't Be so Shy - Filatov & Karas Remix,"Imany,Filatov & Karas"
All For Us - from the HBO Original Series Euphoria,"Labrinth,Zendaya"
Ma non tutta la vita,Ricchi E Poveri
High Enough,K.Flay
Until I Found You (with Em Beihold) - Em Beihold Version,"Stephen Sanchez,Em Beihold"
Casa Mia,Ghali
Bailando - Spanish Version,"Enrique Iglesias,Descemer Bueno,Gente De Zona"
Careless Whisper,George Michael
Locked Away (feat. Adam Levine),"R. City,Adam Levine"
Judas,Lady Gaga
My Type,Saint Motel
Non vivo più senza te,Biagio Antonacci
Mount Everest,Labrinth
La Vita Com'è,Max Gazzè
Over the Rainbow,Israel Kamakawiwo'ole
Back To Black,Amy Winehouse
Tous les mêmes,Stromae
Be Mine,Ofenbach
Sensualidad,"Bad Bunny,Prince Royce,J Balvin,Mambo Kingz,DJ Luian"
Dernière danse,Indila
Bloody Mary,Lady Gaga
Felicidad (De la serie 'Berlin' de Netflix),"Pedro Alonso,Tristan Ulloa"
Voilà,Barbara Pravi
Rockstar,Sfera Ebbasta
The Greatest,Sia
Runaway,"Kanye West,Pusha T"
this is what space feels like,JVKE
Bongo Bong,Manu Chao
Skyfall,Adele
Insta Lova,"Marracash,Guè"
Calm Down (with Selena Gomez),"Rema,Selena Gomez"
this is what autumn feels like,JVKE
DÁKITI,"Bad Bunny,JHAYCO"
In The Night,The Weeknd
Hero,"Martin Garrix,JVKE"
"EVERYDAY (feat. Shiva, ANNA, Geolier)","Takagi & Ketra,Shiva,ANNA,Geolier"
Hit the Road Jack,Ray Charles
MILANO,"BIA,Sfera Ebbasta,Fivio Foreign"
Strangers,Kenya Grace
Dancing in the Moonlight,Toploader
I Need A Dollar,Aloe Blacc
Lovers Rock,TV Girl
This One's for You (feat. Zara Larsson) (Official Song UEFA EURO 2016),"David Guetta,Zara Larsson"
Settimana Bianca,Il Pagante
love nwantiti (ah ah ah),CKay
Bambola,Betta Lemme
Mollami Pt.2,Guè
Paint The Town Red,Doja Cat
Cure For Me,AURORA
Beautiful Mistakes (feat. Megan Thee Stallion),"Maroon 5,Megan Thee Stallion"
Tu si a fine do' munno,Angelo Famao
#BrooklynBloodPop!,SyKo
Smooth Criminal - 2012 Remaster,Michael Jackson
See You Again (feat. Kali Uchis),"Tyler, The Creator,Kali Uchis"
The Night We Met,Lord Huron
Follow You,Imagine Dragons
Me Gustas Tu,Manu Chao
Take Me To Church,Hozier
I Feel It Coming,"The Weeknd,Daft Punk"
"Colors - Coca-Cola® Anthem, 2018 FIFA World CupTM",Jason Derulo
Shower,Becky G
We Are Young (feat. Janelle Monáe),"fun.,Janelle Monáe"
Open Bar,"Il Pagante,Stash"
Tití Me Preguntó,Bad Bunny
Ferma A Guardare (feat. Pinguini Tattici Nucleari),"Ernia,Pinguini Tattici Nucleari"
Lonely,Akon
Is There Someone Else?,The Weeknd
Sal de ti,Aisha Ruah
A Man Without Love,Engelbert Humperdinck
Earned It (Fifty Shades Of Grey),The Weeknd
Die For You (with Ariana Grande) - Remix,"The Weeknd,Ariana Grande"
What It Is (Block Boy) (with Kodak Black),"Doechii,Kodak Black"
Bohemian Rhapsody - Remastered 2011,Queen
Let It Happen,Tame Impala
It's Time,Imagine Dragons
"Thunderclouds (feat. Sia, Diplo, and Labrinth)","Sia,Diplo,Labrinth,LSD"
Mary On A Cross,Ghost
As It Was,Harry Styles
Hold Me While You Wait,Lewis Capaldi
Waterloo,ABBA
idfc,blackbear
Wake Me Up Before You Go-Go,Wham!
The Fool,Moderat
Bad Habit - Sped Up,Steve Lacy
METAMORPHOSIS,INTERWORLD
I Wanna Be Yours,Arctic Monkeys
Mr. Forgettable,David Kushner
We Are One (Ole Ola) [The Official 2014 FIFA World Cup Song] (feat. Jennifer Lopez & Claudia Leitte),"Pitbull,Jennifer Lopez,Claudia Leitte"
505,Arctic Monkeys
After Dark,Mr.Kitty
ARANCIATA,Madame
Goodbyes (feat. Young Thug),"Post Malone,Young Thug"
Dog Days Are Over,Florence + The Machine
Girls Just Want to Have Fun,Cyndi Lauper
Phoenix,"Netrum,Halvorsen"
Mourning,Post Malone
Give It To Me,"Timbaland,Justin Timberlake,Nelly Furtado"
Chemical,Post Malone
When The Beat Drops Out,Marlon Roudette
Moth To A Flame (with The Weeknd),"Swedish House Mafia,The Weeknd"
Jackie Chan,"Tiësto,Dzeko,Preme,Post Malone"
Cupid – Twin Ver. (FIFTY FIFTY) – Sped Up Version,sped up 8282
Ava,Famy
"Gelosa (feat. Shiva, Sfera Ebbasta, Guè)","Finesse,Shiva,Sfera Ebbasta,Guè,Drillionaire"
Sunflower - Spider-Man: Into the Spider-Verse,"Post Malone,Swae Lee"
!ly (feat. Coez),"thasup,Coez"
Talking to the Moon,Bruno Mars
Tropic Love,"Contacreast,Diviners"
Elastic Heart,Sia
Habits (Stay High),Tove Lo
golden hour,JVKE
Domenica,Coez
Control,Zoe Wees
af1,lilbubblegum
Lost in the Fire (feat. The Weeknd),"Gesaffelstein,The Weeknd"
Rusty Nails,Moderat
CRYSTALS (Slowed),PR1SVX
A New Error,Moderat
Better Now,Post Malone
My Humps,Black Eyed Peas
DON'T YOU WORRY,"Black Eyed Peas,Shakira,David Guetta"
Daylight,David Kushner
SugarCrash!,ElyOtto
Intruder,Moderat
Circles,Post Malone
This Is What You Came For,"Calvin Harris,Rihanna"
Heat Waves,Glass Animals
Can't Break Me Down,PHI NIX
death bed (coffee for your head),"Powfu,beabadoobee"
Dance Monkey,Tones And I
Gravity Falls Main Theme (From Gravity Falls),Geek Music
IL CIELO NELLA STANZA (feat. NSTASIA),"Salmo,NSTASIA"
Lights,Ellie Goulding
Past Lives,"Martin Arteta,creamy"
Unforgettable,"French Montana,Swae Lee"
Dancin (feat. Luvli) - Krono Remix,"Aaron Smith,Krono,Luvli"
idfc,blackbear
Stolen Dance,Milky Chance
Outside (feat. Ellie Goulding),"Calvin Harris,Ellie Goulding"
Break The Rules (Hardstyle),Colmen
MONEY SO BIG - instrumental,RADIXNCE
"Feels (feat. Pharrell Williams, Katy Perry & Big Sean)","Calvin Harris,Pharrell Williams,Katy Perry,Big Sean,Funk Wav"
Superman,"Eminem,Dina Rae"
hot girl bummer,blackbear
Dimmi Che C'è (feat. Tedua),"thasup,Tedua"
Way down We Go,KALEO
Davide (feat. Coez),"Gemitaiz,Coez"
Good Times,Ghali
I'm Good (Blue),"David Guetta,Bebe Rexha"
"Lemonade (feat. Gunna, Don Toliver & NAV)","Internet Money,Gunna,Don Toliver,NAV"
Lemon Tree,Fools Garden
Unholy (feat. Kim Petras),"Sam Smith,Kim Petras"
Beggin - Original Version,Madcon
"Quevedo: Bzrp Music Sessions, Vol. 52","Bizarrap,Quevedo"
La musica non c'è,Coez
Le luci della città,Coez
Blinding Lights,The Weeknd
sw1n6o - feat. Salmo,"thasup,Salmo"
Team,Lorde
Speechless (feat. Erika Sirola),"Robin Schulz,Erika Sirola"
È sempre bello,Coez
I'm Still Standing,Elton John
Ovunque Sarai,Irama
Miss You,"Oliver Tree,Robin Schulz"
IL BENE NEL MALE,Madame
Pray For Me,"The Weeknd,Kendrick Lamar"
"Shakira: Bzrp Music Sessions, Vol. 53","Bizarrap,Shakira"
I Was Never There,"The Weeknd,Gesaffelstein"
Space Song,Beach House
Funkytown,Lipps Inc.
Kerosene - Slowed,fam0uz
Yes To Heaven,Violet Janna
Mockingbird,Eminem
Solitude - Felsmann + Tiley Reinterpretation,"M83,Felsmann + Tiley"
Creepin' (with The Weeknd & 21 Savage),"Metro Boomin,The Weeknd,21 Savage"
"Sex, Drugs, Etc.",Beach Weather
Midnight City,M83
Snowman,Sia
After Party,Don Toliver
Clocks,Coldplay
No Idea,Don Toliver
Giving In To The Love,AURORA
Congratulations,"Post Malone,Quavo"
Parliamo,Luchè
Don't Stop Me Now,Queen
m%n,thasup
Señorita,Amine
r!va (feat. Pinguini Tattici Nucleari),"thasup,Pinguini Tattici Nucleari"
Rise Up,TheFatRat
Giovani Wannabe,Pinguini Tattici Nucleari
Sun Is Shining,"Axwell /\ Ingrosso,Axwell,Sebastian Ingrosso"
Magic in the Air (feat. Ahmed Chawki),"Magic System,Chawki"
Lei (feat. Bené),"Baby Gang,Bené"
s!r! (feat. Lazza & Sfera Ebbasta),"thasup,Lazza,Sfera Ebbasta"
I Like You (A Happier Song) (with Doja Cat),"Post Malone,Doja Cat"
ch1 5ei te,thasup
Feel This Moment (feat. Christina Aguilera),"Pitbull,Christina Aguilera"
Say It Right,Nelly Furtado
Stayin Alive,Bee Gees
Numb,Dotan
Lake Washington Boulevard,Pinguini Tattici Nucleari
Kissing Strangers,"DNCE,Nicki Minaj"
Thunder,"Gabry Ponte,LUM!X,Prezioso"
L'esercito del selfie (feat. Lorenzo Fragola & Arisa),"Takagi & Ketra,Lorenzo Fragola,Arisa"
The Nights,Avicii
Iko Iko,"Justin Wellington,Small Jam"
Leave a Light On,Tom Walker
My Heart,Christopher
C’est la vie,Khaled
Old Town Road,Lil Nas X
